"Vertical Axis: Request Hierarchy","Horizontal Axis: Time Since Start of Test [ms] (time values are fractions of a day)"
"80476.6153240146","0","CLICK User:10 Request:30 Result=500"
"92884.6261186827","0","CLICK User:7 Request:51 Result=500"
"132365.085227312","0","CLICK User:9 Request:73 Result=500"
"133695.021573971","0","CLICK User:2 Request:101 Result=500"
"135082.870308936","0","CLICK User:7 Request:83 Result=500"
"135144.932666023","0","CLICK User:28 Request:5 Result=500"
"136427.264079653","0","CLICK User:24 Request:20 Result=500"
"136449.919473006","0","CLICK User:3 Request:99 Result=500"
"137794.543999307","0","CLICK User:14 Request:58 Result=500"
"137809.726934568","0","CLICK User:26 Request:14 Result=500"
"139214.082236709","0","CLICK User:5 Request:93 Result=500"
"139267.23927203","0","CLICK User:16 Request:52 Result=500"
"139281.31005477","0","CLICK User:20 Request:37 Result=500"
"140590.967287742","0","CLICK User:1 Request:109 Result=500"
"140604.339098964","0","CLICK User:15 Request:56 Result=500"
"140611.375468111","0","CLICK User:13 Request:64 Result=500"
"141953.561416325","0","CLICK User:21 Request:35 Result=500"
"141962.094903123","0","CLICK User:28 Request:10 Result=500"
"141962.92601434","0","CLICK User:18 Request:46 Result=500"
"143275.321025438","0","CLICK User:7 Request:89 Result=500"
"143279.027362416","0","CLICK User:20 Request:40 Result=500"
"143335.343737821","0","CLICK User:29 Request:7 Result=500"
"143336.871306269","0","CLICK User:8 Request:85 Result=500"
"144575.143209542","0","CLICK User:13 Request:67 Result=500"
"144611.22628714","0","CLICK User:5 Request:97 Result=500"
"144635.201960026","0","CLICK User:24 Request:26 Result=500"
"144645.284526385","0","CLICK User:3 Request:105 Result=500"
"145966.384275096","0","CLICK User:15 Request:60 Result=500"
"145976.914663735","0","CLICK User:16 Request:57 Result=500"
"145983.40906456","0","CLICK User:28 Request:13 Result=500"
"147339.814976484","0","CLICK User:31 Request:3 Result=500"
"147340.592728964","0","CLICK User:18 Request:50 Result=500"
"147355.309962579","0","CLICK User:1 Request:114 Result=500"
"148664.368236745","0","CLICK User:29 Request:11 Result=500"
"148669.202091327","0","CLICK User:8 Request:89 Result=500"
"150294.3502596","0","CLICK User:12 Request:75 Result=500"
"150385.438372754","0","CLICK User:19 Request:49 Result=500"
"150491.834018011","0","CLICK User:27 Request:20 Result=500"
"150840.67444326","0","CLICK User:13 Request:72 Result=500"
"152221.820371025","0","CLICK User:9 Request:88 Result=500"
"153890.094690806","0","CLICK User:15 Request:66 Result=500"
"155649.024945908","0","CLICK User:7 Request:98 Result=500"
"155681.829953248","0","CLICK User:21 Request:45 Result=500"
"156920.196561295","0","CLICK User:33 Request:3 Result=500"
"156955.114406999","0","CLICK User:20 Request:50 Result=500"
"157194.572773914","0","CLICK User:25 Request:32 Result=500"
"158556.036032513","0","CLICK User:22 Request:44 Result=500"
"158576.436390659","0","CLICK User:6 Request:104 Result=500"
"159901.562349405","0","CLICK User:28 Request:23 Result=500"
"159908.162070878","0","CLICK User:3 Request:116 Result=500"
"161285.696925168","0","CLICK User:16 Request:68 Result=500"
"161315.987646475","0","CLICK User:30 Request:17 Result=500"
"162675.488365141","0","CLICK User:25 Request:36 Result=500"
"162677.237470125","0","CLICK User:12 Request:84 Result=500"
"162840.830887725","0","CLICK User:13 Request:81 Result=500"
"162854.939384754","0","CLICK User:23 Request:43 Result=500"
"162892.24524346","0","CLICK User:14 Request:77 Result=500"
"164011.001956953","0","CLICK User:13 Request:82 Result=500"
"164044.438050087","0","CLICK User:18 Request:62 Result=500"
"164044.796196165","0","CLICK User:19 Request:59 Result=500"
"164055.572984835","0","CLICK User:27 Request:30 Result=500"
"164062.737861935","0","CLICK User:3 Request:119 Result=500"
"164214.908878084","0","CLICK User:2 Request:124 Result=500"
"164220.905729639","0","CLICK User:9 Request:97 Result=500"
"165256.131715064","0","CLICK User:25 Request:38 Result=500"
"165364.756135207","0","CLICK User:16 Request:71 Result=500"
"165405.720280091","0","CLICK User:22 Request:49 Result=500"
"165459.016718605","0","CLICK User:28 Request:27 Result=500"
"165491.41776399","0","CLICK User:14 Request:79 Result=500"
"165499.817714263","0","CLICK User:23 Request:45 Result=500"
"165524.595444393","0","CLICK User:6 Request:109 Result=500"
"165546.93264088","0","CLICK User:24 Request:41 Result=500"
"165558.019245463","0","CLICK User:17 Request:67 Result=500"
"165589.209801804","0","CLICK User:11 Request:90 Result=500"
"166684.724175838","0","CLICK User:17 Request:68 Result=500"
"166726.939876437","0","CLICK User:18 Request:64 Result=500"
"166758.470699488","0","CLICK User:13 Request:84 Result=500"
"166774.02016178","0","CLICK User:1 Request:128 Result=500"
"166824.853438077","0","CLICK User:3 Request:121 Result=500"
"166825.116600015","0","CLICK User:19 Request:61 Result=500"
"166841.977960886","0","CLICK User:2 Request:126 Result=500"
"166886.198106184","0","CLICK User:30 Request:21 Result=500"
"166910.905436305","0","CLICK User:9 Request:99 Result=500"
"167050.029263496","0","CLICK User:10 Request:95 Result=500"
"167999.922895228","0","CLICK User:30 Request:22 Result=500"
"168016.501538603","0","CLICK User:9 Request:100 Result=500"
"168046.684704341","0","CLICK User:22 Request:51 Result=500"
"168050.750304857","0","CLICK User:28 Request:29 Result=500"
"168103.60590522","0","CLICK User:31 Request:18 Result=500"
"168135.430341007","0","CLICK User:14 Request:81 Result=500"
"168156.871613571","0","CLICK User:10 Request:96 Result=500"
"168173.406396623","0","CLICK User:24 Request:43 Result=500"
"168207.216559647","0","CLICK User:6 Request:111 Result=500"
"168223.175850562","0","CLICK User:27 Request:33 Result=500"
"168229.711318059","0","CLICK User:11 Request:92 Result=500"
"168260.03835683","0","CLICK User:12 Request:88 Result=500"
"169386.553598293","0","CLICK User:11 Request:93 Result=500"
"169416.238376665","0","CLICK User:35 Request:5 Result=500"
"169439.907306655","0","CLICK User:7 Request:108 Result=500"
"169440.306519404","0","CLICK User:18 Request:66 Result=500"
"169467.225303775","0","CLICK User:13 Request:86 Result=500"
"169485.102994934","0","CLICK User:16 Request:74 Result=500"
"169497.932837833","0","CLICK User:1 Request:130 Result=500"
"169498.536266481","0","CLICK User:19 Request:63 Result=500"
"169505.817918199","0","CLICK User:2 Request:128 Result=500"
"169591.555351309","0","CLICK User:23 Request:48 Result=500"
"169697.656545734","0","CLICK User:15 Request:78 Result=500"
"169701.849536743","0","CLICK User:32 Request:16 Result=500"
"170659.068959882","0","CLICK User:1 Request:131 Result=500"
"170704.30068626","0","CLICK User:23 Request:49 Result=500"
"170717.205119645","0","CLICK User:31 Request:20 Result=500"
"170899.436101516","0","CLICK User:14 Request:83 Result=500"
"170990.977344886","0","CLICK User:17 Request:71 Result=500"
"171001.092596964","0","CLICK User:6 Request:113 Result=500"
"171029.82501966","0","CLICK User:12 Request:90 Result=500"
"172176.809343087","0","CLICK User:2 Request:130 Result=500"
"172198.864660173","0","CLICK User:22 Request:54 Result=500"
"172214.877868556","0","CLICK User:16 Request:76 Result=500"
"172341.78757356","0","CLICK User:32 Request:18 Result=500"
"172810.134807636","0","CLICK User:21 Request:58 Result=500"
"172871.722523393","0","CLICK User:25 Request:44 Result=500"
"173529.668994244","0","CLICK User:13 Request:89 Result=500"
"173589.26036689","0","CLICK User:12 Request:92 Result=500"
"173773.935514151","0","CLICK User:27 Request:37 Result=500"
"173782.386029509","0","CLICK User:10 Request:100 Result=500"
"173791.314259215","0","CLICK User:24 Request:47 Result=500"
"174156.512350033","0","CLICK User:20 Request:63 Result=500"
"174163.592579504","0","CLICK User:33 Request:16 Result=500"
"174999.204926883","0","CLICK User:14 Request:86 Result=500"
"175034.864207602","0","CLICK User:17 Request:74 Result=500"
"175060.603233092","0","CLICK User:28 Request:34 Result=500"
"175075.517977844","0","CLICK User:19 Request:67 Result=500"
"175541.729465616","0","CLICK User:29 Request:31 Result=500"
"175669.726459648","0","CLICK User:1 Request:135 Result=500"
"176692.130145032","0","CLICK User:33 Request:18 Result=500"
"176765.829455978","0","CLICK User:1 Request:136 Result=500"
"176784.887464748","0","CLICK User:4 Request:125 Result=500"
"176795.432380372","0","CLICK User:21 Request:61 Result=500"
"176805.029968893","0","CLICK User:25 Request:47 Result=500"
"177181.90216913","0","CLICK User:13 Request:92 Result=500"
"178085.349394965","0","CLICK User:15 Request:84 Result=500"
"178088.795922387","0","CLICK User:18 Request:72 Result=500"
"178120.780434385","0","CLICK User:20 Request:66 Result=500"
"178139.15986529","0","CLICK User:29 Request:33 Result=500"
"178448.286304544","0","CLICK User:31 Request:26 Result=500"
"178451.259866827","0","CLICK User:5 Request:122 Result=500"
"179441.586290995","0","CLICK User:7 Request:115 Result=500"
"179456.4613659","0","CLICK User:6 Request:119 Result=500"
"179490.051668578","0","CLICK User:10 Request:104 Result=500"
"179581.88792151","0","CLICK User:37 Request:5 Result=500"
"179587.348950774","0","CLICK User:31 Request:27 Result=500"
"179614.140624018","0","CLICK User:32 Request:23 Result=500"
"180084.089737662","0","CLICK User:22 Request:60 Result=500"
"180155.865899158","0","CLICK User:35 Request:13 Result=500"
"180795.712304217","0","CLICK User:29 Request:35 Result=500"
"180838.4590779","0","CLICK User:1 Request:139 Result=500"
"180880.294003847","0","CLICK User:4 Request:128 Result=500"
"180906.173829355","0","CLICK User:21 Request:64 Result=500"
"181449.2844761","0","CLICK User:2 Request:137 Result=500"
"181452.185962182","0","CLICK User:12 Request:98 Result=500"
"181593.706742058","0","CLICK User:16 Request:83 Result=500"
"182205.578641978","0","CLICK User:32 Request:25 Result=500"
"182240.357922585","0","CLICK User:20 Request:69 Result=500"
"182341.82417039","0","CLICK User:27 Request:43 Result=500"
"182362.993900063","0","CLICK User:5 Request:125 Result=500"
"182892.894208621","0","CLICK User:14 Request:92 Result=500"
"182981.748518317","0","CLICK User:39 Request:1 Result=500"
"183587.894550844","0","CLICK User:10 Request:107 Result=500"
"183618.602643632","0","CLICK User:37 Request:8 Result=500"
"183627.113501856","0","CLICK User:18 Request:76 Result=500"
"184330.406518147","0","CLICK User:9 Request:112 Result=500"
"184811.20226174","0","CLICK User:32 Request:27 Result=500"
"185023.774530003","0","CLICK User:7 Request:119 Result=500"
"185128.052308324","0","CLICK User:31 Request:31 Result=500"
"185159.329467851","0","CLICK User:38 Request:6 Result=500"
"186255.895372177","0","CLICK User:18 Request:78 Result=500"
"186469.940453326","0","CLICK User:6 Request:124 Result=500"
"186483.661750306","0","CLICK User:21 Request:68 Result=500"
"187373.504453778","0","CLICK User:18 Request:79 Result=500"
"187385.888429954","0","CLICK User:11 Request:106 Result=500"
"187386.219477615","0","CLICK User:24 Request:57 Result=500"
"187426.537450989","0","CLICK User:17 Request:83 Result=500"
"187809.774426638","0","CLICK User:1 Request:144 Result=500"
"187835.436626722","0","CLICK User:20 Request:73 Result=500"
"187848.226241045","0","CLICK User:27 Request:47 Result=500"
"188612.789055592","0","CLICK User:36 Request:15 Result=500"
"188624.195533231","0","CLICK User:23 Request:62 Result=500"
"188633.152258178","0","CLICK User:35 Request:19 Result=500"
"188654.114698935","0","CLICK User:30 Request:37 Result=500"
"188826.895038336","0","CLICK User:28 Request:44 Result=500"
"188849.604907886","0","CLICK User:19 Request:77 Result=500"
"188910.968572821","0","CLICK User:29 Request:41 Result=500"
"188940.165859069","0","CLICK User:1 Request:145 Result=500"
"188957.025823114","0","CLICK User:20 Request:74 Result=500"
"188957.466661266","0","CLICK User:27 Request:48 Result=500"
"188997.668977482","0","CLICK User:6 Request:126 Result=500"
"189016.680332277","0","CLICK User:7 Request:122 Result=500"
"189024.064231627","0","CLICK User:21 Request:70 Result=500"
"190181.380873826","0","CLICK User:18 Request:81 Result=500"
"190201.345422393","0","CLICK User:8 Request:119 Result=500"
"190209.283023401","0","CLICK User:16 Request:89 Result=500"
"190216.501538603","0","CLICK User:11 Request:108 Result=500"
"190216.635075128","0","CLICK User:17 Request:85 Result=500"
"190221.970948822","0","CLICK User:13 Request:101 Result=500"
"190238.95942082","0","CLICK User:34 Request:23 Result=500"
"190325.92689853","0","CLICK User:32 Request:31 Result=500"
"190431.590048456","0","CLICK User:37 Request:13 Result=500"
"190435.992283936","0","CLICK User:10 Request:112 Result=500"
"191565.024884448","0","CLICK User:29 Request:43 Result=500"
"191602.716825742","0","CLICK User:27 Request:50 Result=500"
"191606.628775445","0","CLICK User:6 Request:128 Result=500"
"191647.96000609","0","CLICK User:1 Request:147 Result=500"
"191648.103041029","0","CLICK User:20 Request:76 Result=500"
"191675.729736601","0","CLICK User:7 Request:124 Result=500"
"191677.182435198","0","CLICK User:21 Request:72 Result=500"
"191701.242755713","0","CLICK User:24 Request:60 Result=500"
"192476.438765262","0","CLICK User:3 Request:139 Result=500"
"192830.291559402","0","CLICK User:8 Request:121 Result=500"
"192830.999470603","0","CLICK User:21 Request:73 Result=500"
"192886.72443006","0","CLICK User:11 Request:110 Result=500"
"192922.697717168","0","CLICK User:34 Request:25 Result=500"
"192941.698456089","0","CLICK User:13 Request:103 Result=500"
"192969.121215127","0","CLICK User:16 Request:91 Result=500"
"192979.173610054","0","CLICK User:17 Request:87 Result=500"
"192984.283198004","0","CLICK User:32 Request:33 Result=500"
"193081.477115108","0","CLICK User:37 Request:15 Result=500"
"193085.455833074","0","CLICK User:39 Request:8 Result=500"
"193085.575401343","0","CLICK User:19 Request:80 Result=500"
"194027.583952709","0","CLICK User:34 Request:26 Result=500"
"194221.174199514","0","CLICK User:37 Request:16 Result=500"
"194221.368078904","0","CLICK User:39 Request:9 Result=500"
"194248.875206206","0","CLICK User:29 Request:45 Result=500"
"194264.276884353","0","CLICK User:41 Request:2 Result=500"
"194320.576218486","0","CLICK User:6 Request:130 Result=500"
"194330.957426153","0","CLICK User:20 Request:78 Result=500"
"194334.809032992","0","CLICK User:24 Request:62 Result=500"
"194342.570075247","0","CLICK User:1 Request:149 Result=500"
"194357.41721364","0","CLICK User:18 Request:84 Result=500"
"194586.097115695","0","CLICK User:40 Request:6 Result=500"
"194599.776228543","0","CLICK User:5 Request:134 Result=500"
"195460.060147309","0","CLICK User:20 Request:79 Result=500"
"195472.626548905","0","CLICK User:6 Request:131 Result=500"
"195472.73494257","0","CLICK User:24 Request:63 Result=500"
"195477.524657463","0","CLICK User:18 Request:85 Result=500"
"195560.332667979","0","CLICK User:11 Request:112 Result=500"
"195713.498223936","0","CLICK User:40 Request:7 Result=500"
"195721.039685211","0","CLICK User:5 Request:135 Result=500"
"195732.27463267","0","CLICK User:32 Request:35 Result=500"
"195743.229376918","0","CLICK User:13 Request:105 Result=500"
"195762.974903235","0","CLICK User:17 Request:89 Result=500"
"195795.553345467","0","CLICK User:19 Request:82 Result=500"
"195808.157740718","0","CLICK User:27 Request:53 Result=500"
"195832.844118456","0","CLICK User:10 Request:116 Result=500"
"196857.539994608","0","CLICK User:32 Request:36 Result=500"
"196868.9908913","0","CLICK User:5 Request:136 Result=500"
"196906.542591307","0","CLICK User:13 Request:106 Result=500"
"196929.95171174","0","CLICK User:27 Request:54 Result=500"
"196932.280219972","0","CLICK User:17 Request:90 Result=500"
"196933.190112151","0","CLICK User:19 Request:83 Result=500"
"196948.539549021","0","CLICK User:10 Request:117 Result=500"
"196967.285227592","0","CLICK User:37 Request:18 Result=500"
"196971.119513793","0","CLICK User:39 Request:11 Result=500"
"196994.792913624","0","CLICK User:29 Request:47 Result=500"
"197082.554626356","0","CLICK User:21 Request:76 Result=500"
"197093.783427782","0","CLICK User:1 Request:151 Result=500"
"197342.954481645","0","CLICK User:25 Request:62 Result=500"
"197397.228139331","0","CLICK User:42 Request:1 Result=500"
"198165.730281363","0","CLICK User:24 Request:65 Result=500"
"198172.443704437","0","CLICK User:18 Request:87 Result=500"
"198189.581916137","0","CLICK User:15 Request:98 Result=500"
"198225.66471437","0","CLICK User:21 Request:77 Result=500"
"198231.436677008","0","CLICK User:1 Request:152 Result=500"
"198237.379890461","0","CLICK User:12 Request:110 Result=500"
"198260.442598151","0","CLICK User:6 Request:133 Result=500"
"198286.579718931","0","CLICK User:36 Request:22 Result=500"
"198318.744142063","0","CLICK User:11 Request:114 Result=500"
"198327.258352668","0","CLICK User:35 Request:26 Result=500"
"198351.026457273","0","CLICK User:23 Request:69 Result=500"
"198749.981073013","0","CLICK User:38 Request:16 Result=500"
"198762.748338127","0","CLICK User:33 Request:34 Result=500"
"199452.271727273","0","CLICK User:35 Request:27 Result=500"
"199475.579717534","0","CLICK User:32 Request:38 Result=500"
"199476.240416031","0","CLICK User:23 Request:70 Result=500"
"199491.368316364","0","CLICK User:5 Request:138 Result=500"
"199638.235027077","0","CLICK User:10 Request:119 Result=500"
"199645.968691552","0","CLICK User:17 Request:92 Result=500"
"199659.128185286","0","CLICK User:27 Request:56 Result=500"
"199721.452307486","0","CLICK User:37 Request:20 Result=500"
"199735.787928354","0","CLICK User:39 Request:13 Result=500"
"200096.355542394","0","CLICK User:28 Request:52 Result=500"
"200176.809063722","0","CLICK User:31 Request:42 Result=500"
"200247.553809213","0","CLICK User:2 Request:151 Result=500"
"200315.973398854","0","CLICK User:3 Request:145 Result=500"
"200334.75762981","0","CLICK User:26 Request:60 Result=500"
"200384.843045694","0","CLICK User:34 Request:31 Result=500"
"200839.943903485","0","CLICK User:37 Request:21 Result=500"
"200847.954139423","0","CLICK User:39 Request:14 Result=500"
"200859.777988543","0","CLICK User:24 Request:67 Result=500"
"200959.213810694","0","CLICK User:36 Request:24 Result=500"
"201034.031978925","0","CLICK User:13 Request:109 Result=500"
"201050.438254024","0","CLICK User:19 Request:86 Result=500"
"201062.622484143","0","CLICK User:29 Request:50 Result=500"
"201594.013484954","0","CLICK User:8 Request:127 Result=500"
"201603.030832131","0","CLICK User:7 Request:131 Result=500"
"201610.01104889","0","CLICK User:30 Request:46 Result=500"
"201627.231393934","0","CLICK User:41 Request:7 Result=500"
"201686.547871308","0","CLICK User:9 Request:125 Result=500"
"202167.253100604","0","CLICK User:19 Request:87 Result=500"
"202176.80459388","0","CLICK User:29 Request:51 Result=500"
"202195.378462905","0","CLICK User:43 Request:1 Result=500"
"202224.346111028","0","CLICK User:18 Request:90 Result=500"
"202255.093873663","0","CLICK User:10 Request:121 Result=500"
"202291.603541791","0","CLICK User:15 Request:101 Result=500"
"202298.598844267","0","CLICK User:27 Request:58 Result=500"
"202405.026337146","0","CLICK User:21 Request:80 Result=500"
"202405.654629289","0","CLICK User:1 Request:155 Result=500"
"202914.306706579","0","CLICK User:33 Request:37 Result=500"
"202936.693630056","0","CLICK User:42 Request:5 Result=500"
"202997.662552084","0","CLICK User:4 Request:144 Result=500"
"203003.141740081","0","CLICK User:25 Request:66 Result=500"
"203004.867657761","0","CLICK User:16 Request:98 Result=500"
"203047.531739369","0","CLICK User:14 Request:107 Result=500"
"203103.594171885","0","CLICK User:22 Request:77 Result=500"
"203482.103731061","0","CLICK User:35 Request:30 Result=500"
"203544.952500946","0","CLICK User:1 Request:156 Result=500"
"203551.09238744","0","CLICK User:23 Request:73 Result=500"
"203559.696553612","0","CLICK User:32 Request:41 Result=500"
"203569.075957978","0","CLICK User:20 Request:85 Result=500"
"203596.93424723","0","CLICK User:5 Request:141 Result=500"
"203678.559984579","0","CLICK User:13 Request:111 Result=500"
"203734.5254774","0","CLICK User:6 Request:137 Result=500"
"203742.607230807","0","CLICK User:12 Request:114 Result=500"
"204359.616655189","0","CLICK User:41 Request:9 Result=500"
"204370.370815285","0","CLICK User:9 Request:127 Result=500"
"204373.250790254","0","CLICK User:26 Request:63 Result=500"
"204376.307323976","0","CLICK User:3 Request:148 Result=500"
"204870.739996284","0","CLICK User:18 Request:92 Result=500"
"204875.764936605","0","CLICK User:10 Request:123 Result=500"
"204877.172936784","0","CLICK User:12 Request:115 Result=500"
"204888.928062086","0","CLICK User:15 Request:103 Result=500"
"204917.329157756","0","CLICK User:37 Request:24 Result=500"
"204945.847028044","0","CLICK User:27 Request:60 Result=500"
"204958.665137608","0","CLICK User:24 Request:70 Result=500"
"204983.382245509","0","CLICK User:39 Request:17 Result=500"
"205016.550986229","0","CLICK User:21 Request:82 Result=500"
"205062.765519081","0","CLICK User:36 Request:27 Result=500"
"205706.044483307","0","CLICK User:30 Request:49 Result=500"
"205737.621122238","0","CLICK User:7 Request:134 Result=500"
"205751.806724039","0","CLICK User:2 Request:155 Result=500"
"205764.15438275","0","CLICK User:8 Request:130 Result=500"
"205768.383691223","0","CLICK User:34 Request:35 Result=500"
"206187.514893653","0","CLICK User:1 Request:158 Result=500"
"206198.195860088","0","CLICK User:19 Request:90 Result=500"
"206217.961780059","0","CLICK User:23 Request:75 Result=500"
"206248.612882364","0","CLICK User:32 Request:43 Result=500"
"206266.515995748","0","CLICK User:20 Request:87 Result=500"
"206271.613570999","0","CLICK User:5 Request:143 Result=500"
"206299.368774523","0","CLICK User:29 Request:54 Result=500"
"206356.892565955","0","CLICK User:6 Request:139 Result=500"
"206363.480274728","0","CLICK User:43 Request:4 Result=500"
"207013.922998593","0","CLICK User:16 Request:101 Result=500"
"207020.404269258","0","CLICK User:22 Request:80 Result=500"
"207035.672410879","0","CLICK User:14 Request:110 Result=500"
"207035.713198186","0","CLICK User:25 Request:69 Result=500"
"207051.351219219","0","CLICK User:38 Request:22 Result=500"
"207491.846310076","0","CLICK User:10 Request:125 Result=500"
"207496.706424979","0","CLICK User:43 Request:5 Result=500"
"207544.591002488","0","CLICK User:12 Request:117 Result=500"
"207557.065213596","0","CLICK User:15 Request:105 Result=500"
"207647.85077433","0","CLICK User:24 Request:72 Result=500"
"207656.652731004","0","CLICK User:27 Request:62 Result=500"
"207674.296872927","0","CLICK User:21 Request:84 Result=500"
"207690.108379696","0","CLICK User:36 Request:29 Result=500"
"207697.12323773","0","CLICK User:39 Request:19 Result=500"
"207767.424630784","0","CLICK User:13 Request:114 Result=500"
"208352.413505068","0","CLICK User:8 Request:132 Result=500"
"208384.979934601","0","CLICK User:2 Request:157 Result=500"
"208468.140503891","0","CLICK User:9 Request:130 Result=500"
"208492.705078439","0","CLICK User:3 Request:151 Result=500"
"208828.938314786","0","CLICK User:39 Request:20 Result=500"
"208872.746675904","0","CLICK User:13 Request:115 Result=500"
"208896.908405957","0","CLICK User:23 Request:77 Result=500"
"208951.296323974","0","CLICK User:1 Request:160 Result=500"
"208960.12845208","0","CLICK User:32 Request:45 Result=500"
"208961.329163343","0","CLICK User:19 Request:92 Result=500"
"208992.868087983","0","CLICK User:18 Request:95 Result=500"
"209026.177908086","0","CLICK User:6 Request:141 Result=500"
"209028.501946476","0","CLICK User:5 Request:145 Result=500"
"209065.92513853","0","CLICK User:37 Request:27 Result=500"
"209655.207016534","0","CLICK User:22 Request:82 Result=500"
"209671.865837697","0","CLICK User:25 Request:71 Result=500"
"209714.073716073","0","CLICK User:7 Request:137 Result=500"
"210116.660357671","0","CLICK User:18 Request:96 Result=500"
"210142.682100658","0","CLICK User:6 Request:142 Result=500"
"210152.41797491","0","CLICK User:19 Request:93 Result=500"
"210179.111311633","0","CLICK User:37 Request:28 Result=500"
"210179.515552954","0","CLICK User:5 Request:146 Result=500"
"210206.747505619","0","CLICK User:10 Request:127 Result=500"
"210207.2009152","0","CLICK User:15 Request:107 Result=500"
"210230.822911851","0","CLICK User:12 Request:119 Result=500"
"210248.542202989","0","CLICK User:35 Request:35 Result=500"
"210306.112648395","0","CLICK User:24 Request:74 Result=500"
"210396.635885287","0","CLICK User:20 Request:90 Result=500"
"210429.138898938","0","CLICK User:29 Request:57 Result=500"
"211325.505895302","0","CLICK User:37 Request:29 Result=500"
"211339.533935179","0","CLICK User:10 Request:128 Result=500"
"211360.902293448","0","CLICK User:35 Request:36 Result=500"
"211361.375537952","0","CLICK User:15 Request:108 Result=500"
"211368.331729312","0","CLICK User:12 Request:120 Result=500"
"211410.796064863","0","CLICK User:41 Request:14 Result=500"
"211412.897728622","0","CLICK User:24 Request:75 Result=500"
"211436.221083965","0","CLICK User:26 Request:68 Result=500"
"211480.586778487","0","CLICK User:4 Request:150 Result=500"
"211531.317807151","0","CLICK User:20 Request:91 Result=500"
"211544.220005615","0","CLICK User:29 Request:58 Result=500"
"211564.356922458","0","CLICK User:39 Request:22 Result=500"
"211670.156123194","0","CLICK User:43 Request:8 Result=500"
"211776.529419242","0","CLICK User:36 Request:32 Result=500"
"211796.721091647","0","CLICK User:27 Request:65 Result=500"
"211805.029410162","0","CLICK User:21 Request:87 Result=500"
"211841.655294178","0","CLICK User:17 Request:101 Result=500"
"212681.80983896","0","CLICK User:29 Request:59 Result=500"
"212691.815021183","0","CLICK User:14 Request:114 Result=500"
"212693.680900785","0","CLICK User:39 Request:23 Result=500"
"212694.878818397","0","CLICK User:3 Request:154 Result=500"
"212750.186127008","0","CLICK User:30 Request:54 Result=500"
"212787.28860791","0","CLICK User:9 Request:133 Result=500"
"212788.482893776","0","CLICK User:43 Request:9 Result=500"
"212815.757030572","0","CLICK User:38 Request:26 Result=500"
"212867.648821289","0","CLICK User:36 Request:33 Result=500"
"212910.912979164","0","CLICK User:27 Request:66 Result=500"
"212937.573071438","0","CLICK User:21 Request:88 Result=500"
"212983.378613762","0","CLICK User:5 Request:148 Result=500"
"212996.005637588","0","CLICK User:6 Request:144 Result=500"
"212999.482895172","0","CLICK User:19 Request:95 Result=500"
"213029.724727584","0","CLICK User:34 Request:40 Result=500"
"213589.277966892","0","CLICK User:2 Request:161 Result=500"
"213937.916131799","0","CLICK User:38 Request:27 Result=500"
"213973.098536266","0","CLICK User:36 Request:34 Result=500"
"214009.800128229","0","CLICK User:27 Request:67 Result=500"
"214067.483157776","0","CLICK User:12 Request:122 Result=500"
"214109.663937735","0","CLICK User:41 Request:16 Result=500"
"214117.210148217","0","CLICK User:6 Request:145 Result=500"
"214136.186023643","0","CLICK User:34 Request:41 Result=500"
"214167.668516529","0","CLICK User:37 Request:31 Result=500"
"214168.222776917","0","CLICK User:10 Request:130 Result=500"
"214172.304859975","0","CLICK User:35 Request:38 Result=500"
"214199.687669802","0","CLICK User:15 Request:110 Result=500"
"214242.839243535","0","CLICK User:26 Request:70 Result=500"
"214307.339899345","0","CLICK User:24 Request:77 Result=500"
"215186.142093478","0","CLICK User:12 Request:123 Result=500"
"215198.486679173","0","CLICK User:16 Request:107 Result=500"
"215222.065932961","0","CLICK User:6 Request:146 Result=500"
"215229.730873617","0","CLICK User:41 Request:17 Result=500"
"215327.951178153","0","CLICK User:35 Request:39 Result=500"
"215329.058581468","0","CLICK User:15 Request:111 Result=500"
"215345.36232957","0","CLICK User:26 Request:71 Result=500"
"215382.3516676","0","CLICK User:14 Request:116 Result=500"
"215444.227408791","0","CLICK User:3 Request:156 Result=500"
"215462.539512703","0","CLICK User:29 Request:61 Result=500"
"215477.877216238","0","CLICK User:9 Request:135 Result=500"
"215491.268024288","0","CLICK User:43 Request:11 Result=500"
"215618.761323017","0","CLICK User:5 Request:150 Result=500"
"215850.446914342","0","CLICK User:13 Request:120 Result=500"
"215854.277289432","0","CLICK User:23 Request:82 Result=500"
"216491.129459191","0","CLICK User:14 Request:117 Result=500"
"216499.186628468","0","CLICK User:25 Request:76 Result=500"
"216500.144850812","0","CLICK User:26 Request:72 Result=500"
"216574.272987209","0","CLICK User:3 Request:157 Result=500"
"216587.085509471","0","CLICK User:29 Request:62 Result=500"
"216590.247922571","0","CLICK User:42 Request:15 Result=500"
"216623.176409292","0","CLICK User:9 Request:136 Result=500"
"216643.147383257","0","CLICK User:43 Request:12 Result=500"
"216649.38337135","0","CLICK User:38 Request:29 Result=500"
"216700.697155644","0","CLICK User:46 Request:1 Result=500"
"216711.790744354","0","CLICK User:5 Request:151 Result=500"
"216735.720042631","0","CLICK User:33 Request:47 Result=500"
"217012.936560373","0","CLICK User:39 Request:26 Result=500"
"217051.744006571","0","CLICK User:19 Request:98 Result=500"
"217111.779849115","0","CLICK User:4 Request:154 Result=500"
"217146.839612297","0","CLICK User:20 Request:95 Result=500"
"217160.37205846","0","CLICK User:17 Request:105 Result=500"
"217818.202034057","0","CLICK User:46 Request:2 Result=500"
"217828.70588301","0","CLICK User:5 Request:152 Result=500"
"217844.689758056","0","CLICK User:33 Request:48 Result=500"
"217864.383881192","0","CLICK User:12 Request:125 Result=500"
"217945.496983555","0","CLICK User:22 Request:88 Result=500"
"217980.914613449","0","CLICK User:40 Request:23 Result=500"
"217980.93919758","0","CLICK User:7 Request:143 Result=500"
"217987.452315867","0","CLICK User:41 Request:19 Result=500"
"218062.092807885","0","CLICK User:15 Request:113 Result=500"
"218354.382470398","0","CLICK User:34 Request:44 Result=500"
"218447.71695844","0","CLICK User:31 Request:55 Result=500"
"218854.890216494","0","CLICK User:11 Request:129 Result=500"
"218926.665260529","0","CLICK User:46 Request:3 Result=500"
"218971.47710114","0","CLICK User:5 Request:153 Result=500"
"218972.384479033","0","CLICK User:33 Request:49 Result=500"
"218993.234894379","0","CLICK User:12 Request:126 Result=500"
"219006.926578657","0","CLICK User:14 Request:119 Result=500"
"219050.024234924","0","CLICK User:26 Request:74 Result=500"
"219057.92021053","0","CLICK User:22 Request:89 Result=500"
"219096.388786843","0","CLICK User:40 Request:24 Result=500"
"219103.928013197","0","CLICK User:7 Request:144 Result=500"
"219403.635098874","0","CLICK User:8 Request:140 Result=500"
"219446.28158048","0","CLICK User:6 Request:149 Result=500"
"219491.781218004","0","CLICK User:34 Request:45 Result=500"
"220094.577942169","0","CLICK User:5 Request:154 Result=500"
"220158.884718589","0","CLICK User:26 Request:75 Result=500"
"220249.815269818","0","CLICK User:44 Request:10 Result=500"
"220252.964832123","0","CLICK User:30 Request:59 Result=500"
"220256.900248495","0","CLICK User:7 Request:145 Result=500"
"220281.201661105","0","CLICK User:32 Request:53 Result=500"
"220322.967304504","0","CLICK User:13 Request:123 Result=500"
"220327.451114597","0","CLICK User:1 Request:168 Result=500"
"220374.823895216","0","CLICK User:28 Request:67 Result=500"
"220380.83108328","0","CLICK User:21 Request:93 Result=500"
"220770.88177408","0","CLICK User:29 Request:65 Result=500"
"220778.979451299","0","CLICK User:9 Request:139 Result=500"
"220788.409141385","0","CLICK User:43 Request:15 Result=500"
"221420.958809011","0","CLICK User:7 Request:146 Result=500"
"221421.149615384","0","CLICK User:32 Request:54 Result=500"
"221437.18265869","0","CLICK User:13 Request:124 Result=500"
"221453.254533747","0","CLICK User:1 Request:169 Result=500"
"221512.338299979","0","CLICK User:47 Request:1 Result=500"
"221512.918541323","0","CLICK User:21 Request:94 Result=500"
"221513.152369924","0","CLICK User:28 Request:68 Result=500"
"221513.585106487","0","CLICK User:24 Request:82 Result=500"
"221535.682328341","0","CLICK User:11 Request:131 Result=500"
"221588.379808048","0","CLICK User:46 Request:5 Result=500"
"221636.167166497","0","CLICK User:33 Request:51 Result=500"
"221965.599538489","0","CLICK User:8 Request:142 Result=500"
"221987.622169857","0","CLICK User:6 Request:151 Result=500"
"222207.047264387","0","CLICK User:25 Request:80 Result=500"
"222251.285847782","0","CLICK User:38 Request:33 Result=500"
"222639.268957367","0","CLICK User:47 Request:2 Result=500"
"222648.116171189","0","CLICK User:21 Request:95 Result=500"
"222655.288032418","0","CLICK User:28 Request:69 Result=500"
"222662.366865062","0","CLICK User:24 Request:83 Result=500"
"222678.151552781","0","CLICK User:11 Request:132 Result=500"
"222735.990747427","0","CLICK User:33 Request:52 Result=500"
"222758.338001059","0","CLICK User:5 Request:156 Result=500"
"222759.985137776","0","CLICK User:17 Request:109 Result=500"
"222911.776217368","0","CLICK User:37 Request:37 Result=500"
"222928.010682922","0","CLICK User:44 Request:12 Result=500"
"222960.556998166","0","CLICK User:30 Request:61 Result=500"
"222966.490713205","0","CLICK User:10 Request:136 Result=500"
"223099.712114249","0","CLICK User:6 Request:152 Result=500"
"223249.875892048","0","CLICK User:40 Request:27 Result=500"
"223250.232361934","0","CLICK User:18 Request:105 Result=500"
"223359.465518662","0","CLICK User:29 Request:67 Result=500"
"223625.796574704","0","CLICK User:15 Request:117 Result=500"
"223637.759547652","0","CLICK User:41 Request:23 Result=500"
"224008.820394771","0","CLICK User:17 Request:110 Result=500"
"224134.982239363","0","CLICK User:4 Request:159 Result=500"
"224145.237173998","0","CLICK User:30 Request:62 Result=500"
"224152.782546385","0","CLICK User:19 Request:103 Result=500"
"224200.441955612","0","CLICK User:6 Request:153 Result=500"
"224238.440639802","0","CLICK User:13 Request:126 Result=500"
"224253.516019494","0","CLICK User:32 Request:56 Result=500"
"224272.685774309","0","CLICK User:7 Request:148 Result=500"
"224321.920244053","0","CLICK User:1 Request:171 Result=500"
"224366.962560884","0","CLICK User:40 Request:28 Result=500"
"224391.473776695","0","CLICK User:18 Request:106 Result=500"
"224420.466567678","0","CLICK User:26 Request:78 Result=500"
"224432.417807291","0","CLICK User:46 Request:7 Result=500"
"224968.197354692","0","CLICK User:34 Request:49 Result=500"
"225023.379787096","0","CLICK User:16 Request:114 Result=500"
"225023.504104572","0","CLICK User:3 Request:163 Result=500"
"225357.507169207","0","CLICK User:13 Request:127 Result=500"
"225392.881497509","0","CLICK User:7 Request:149 Result=500"
"225423.366656935","0","CLICK User:1 Request:172 Result=500"
"225472.97910768","0","CLICK User:40 Request:29 Result=500"
"225491.111859189","0","CLICK User:18 Request:107 Result=500"
"225532.635293033","0","CLICK User:26 Request:79 Result=500"
"225550.226076219","0","CLICK User:46 Request:8 Result=500"
"225567.224884727","0","CLICK User:5 Request:158 Result=500"
"225600.247796857","0","CLICK User:33 Request:54 Result=500"
"225608.146286749","0","CLICK User:36 Request:42 Result=500"
"225617.964294345","0","CLICK User:11 Request:134 Result=500"
"226177.675095578","0","CLICK User:2 Request:170 Result=500"
"226315.426401959","0","CLICK User:48 Request:1 Result=500"
"226325.248320666","0","CLICK User:25 Request:83 Result=500"
"226353.141530558","0","CLICK User:45 Request:11 Result=500"
"226363.666890624","0","CLICK User:43 Request:19 Result=500"
"226489.669217736","0","CLICK User:7 Request:150 Result=500"
"226603.335619471","0","CLICK User:18 Request:108 Result=500"
"226664.041379561","0","CLICK User:46 Request:9 Result=500"
"226769.469024694","0","CLICK User:11 Request:135 Result=500"
"226801.41079383","0","CLICK User:17 Request:112 Result=500"
"226819.067507183","0","CLICK User:4 Request:161 Result=500"
"226821.526758289","0","CLICK User:28 Request:72 Result=500"
"226834.256588477","0","CLICK User:30 Request:64 Result=500"
"226886.769687209","0","CLICK User:19 Request:105 Result=500"
"226920.795520101","0","CLICK User:32 Request:58 Result=500"
"227113.296801688","0","CLICK User:39 Request:33 Result=500"
"227113.418884244","0","CLICK User:31 Request:61 Result=500"
"227516.309754452","0","CLICK User:8 Request:146 Result=500"
"227572.757431461","0","CLICK User:22 Request:95 Result=500"
"227602.982781331","0","CLICK User:7 Request:151 Result=500"
"227617.081221217","0","CLICK User:34 Request:51 Result=500"
"227784.338512297","0","CLICK User:41 Request:26 Result=500"
"227786.503033207","0","CLICK User:15 Request:120 Result=500"
"227789.665166942","0","CLICK User:12 Request:132 Result=500"
"227967.125989476","0","CLICK User:30 Request:65 Result=500"
"227975.884085827","0","CLICK User:13 Request:129 Result=500"
"227990.601598807","0","CLICK User:19 Request:106 Result=500"
"228120.304116864","0","CLICK User:40 Request:31 Result=500"
"228264.640338367","0","CLICK User:31 Request:62 Result=500"
"228280.762499144","0","CLICK User:24 Request:87 Result=500"
"228289.460531995","0","CLICK User:5 Request:160 Result=500"
"228309.709753614","0","CLICK User:33 Request:56 Result=500"
"228365.26206543","0","CLICK User:6 Request:156 Result=500"
"228927.584930487","0","CLICK User:12 Request:133 Result=500"
"228928.933705261","0","CLICK User:15 Request:121 Result=500"
"228953.272273431","0","CLICK User:14 Request:126 Result=500"
"228954.063156071","0","CLICK User:25 Request:85 Result=500"
"228975.058561912","0","CLICK User:48 Request:3 Result=500"
"228986.590195123","0","CLICK User:43 Request:21 Result=500"
"229004.05107353","0","CLICK User:45 Request:13 Result=500"
"229393.080126105","0","CLICK User:24 Request:88 Result=500"
"229440.220195584","0","CLICK User:33 Request:57 Result=500"
"229452.146571701","0","CLICK User:11 Request:137 Result=500"
"229452.247981238","0","CLICK User:28 Request:74 Result=500"
"229452.746927333","0","CLICK User:5 Request:161 Result=500"
"229485.7150839","0","CLICK User:6 Request:157 Result=500"
"229485.845826774","0","CLICK User:9 Request:145 Result=500"
"229533.541553466","0","CLICK User:17 Request:114 Result=500"
"229559.756058382","0","CLICK User:4 Request:163 Result=500"
"229570.304047023","0","CLICK User:32 Request:60 Result=500"
"229590.540976577","0","CLICK User:42 Request:24 Result=500"
"229632.124753286","0","CLICK User:1 Request:175 Result=500"
"230136.533833211","0","CLICK User:45 Request:14 Result=500"
"230198.156748972","0","CLICK User:8 Request:148 Result=500"
"230284.189750373","0","CLICK User:34 Request:53 Result=500"
"230305.134870493","0","CLICK User:20 Request:104 Result=500"
"230306.967505647","0","CLICK User:29 Request:72 Result=500"
"230315.164636846","0","CLICK User:27 Request:78 Result=500"
"230335.903026781","0","CLICK User:41 Request:28 Result=500"
"230711.388737954","0","CLICK User:42 Request:25 Result=500"
"230732.353972362","0","CLICK User:1 Request:176 Result=500"
"230807.758527969","0","CLICK User:18 Request:111 Result=500"
"230816.439240183","0","CLICK User:13 Request:131 Result=500"
"230848.966558599","0","CLICK User:38 Request:39 Result=500"
"230874.963717456","0","CLICK User:3 Request:167 Result=500"
"230884.991528253","0","CLICK User:30 Request:67 Result=500"
"230887.138728526","0","CLICK User:46 Request:12 Result=500"
"230911.574795121","0","CLICK User:31 Request:64 Result=500"
"230911.677322118","0","CLICK User:19 Request:108 Result=500"
"230917.215735519","0","CLICK User:40 Request:33 Result=500"
"231458.880388429","0","CLICK User:27 Request:79 Result=500"
"231490.10474795","0","CLICK User:41 Request:29 Result=500"
"231664.460147868","0","CLICK User:43 Request:23 Result=500"
"231668.006967366","0","CLICK User:14 Request:128 Result=500"
"231711.346833187","0","CLICK User:2 Request:174 Result=500"
"231842.617148269","0","CLICK User:1 Request:177 Result=500"
"232002.768787653","0","CLICK User:38 Request:40 Result=500"
"232083.46368044","0","CLICK User:19 Request:109 Result=500"
"232143.382748366","0","CLICK User:11 Request:139 Result=500"
"232177.953622597","0","CLICK User:9 Request:147 Result=500"
"232207.945143866","0","CLICK User:6 Request:159 Result=500"
"232218.924472244","0","CLICK User:32 Request:62 Result=500"
"232239.59078598","0","CLICK User:28 Request:76 Result=500"
"232245.587637535","0","CLICK User:5 Request:163 Result=500"
"232269.104313537","0","CLICK User:17 Request:116 Result=500"
"232273.961355424","0","CLICK User:4 Request:165 Result=500"
"232436.228906188","0","CLICK User:49 Request:2 Result=500"
"232457.951220057","0","CLICK User:36 Request:47 Result=500"
"232828.492168697","0","CLICK User:2 Request:175 Result=500"
"232856.195130945","0","CLICK User:34 Request:55 Result=500"
"232867.03226248","0","CLICK User:20 Request:106 Result=500"
"233246.417351926","0","CLICK User:19 Request:110 Result=500"
"233310.372128301","0","CLICK User:11 Request:140 Result=500"
"233342.313618072","0","CLICK User:9 Request:148 Result=500"
"233357.632883509","0","CLICK User:6 Request:160 Result=500"
"233357.734572411","0","CLICK User:32 Request:63 Result=500"
"233412.228369807","0","CLICK User:5 Request:164 Result=500"
"233439.557262166","0","CLICK User:4 Request:166 Result=500"
"233445.497961333","0","CLICK User:42 Request:27 Result=500"
"233491.96504025","0","CLICK User:13 Request:133 Result=500"
"233574.738409491","0","CLICK User:18 Request:113 Result=500"
"233659.944769517","0","CLICK User:46 Request:14 Result=500"
"233684.641483764","0","CLICK User:40 Request:35 Result=500"
"233726.236993808","0","CLICK User:33 Request:60 Result=500"
"234031.544511942","0","CLICK User:21 Request:103 Result=500"
"234035.795052164","0","CLICK User:41 Request:31 Result=500"
"234099.909066655","0","CLICK User:8 Request:151 Result=500"
"234696.777104353","0","CLICK User:18 Request:114 Result=500"
"234735.555496578","0","CLICK User:12 Request:137 Result=500"
"234767.19499266","0","CLICK User:38 Request:42 Result=500"
"234769.083780201","0","CLICK User:48 Request:7 Result=500"
"234807.911620052","0","CLICK User:40 Request:36 Result=500"
"234808.175620086","0","CLICK User:46 Request:15 Result=500"
"234832.730416855","0","CLICK User:22 Request:100 Result=500"
"234846.64531386","0","CLICK User:25 Request:89 Result=500"
"234861.640236399","0","CLICK User:33 Request:61 Result=500"
"234865.378141635","0","CLICK User:7 Request:156 Result=500"
"234905.239632411","0","CLICK User:23 Request:95 Result=500"
"234970.284491465","0","CLICK User:17 Request:118 Result=500"
"234983.00817562","0","CLICK User:28 Request:78 Result=500"
"235020.092777155","0","CLICK User:36 Request:49 Result=500"
"235063.056338166","0","CLICK User:49 Request:4 Result=500"
"235108.194197866","0","CLICK User:24 Request:92 Result=500"
"235114.977182854","0","CLICK User:3 Request:170 Result=500"
"235172.283348861","0","CLICK User:41 Request:32 Result=500"
"235184.788010767","0","CLICK User:21 Request:104 Result=500"
"235212.483988887","0","CLICK User:16 Request:121 Result=500"
"235226.961806598","0","CLICK User:26 Request:86 Result=500"
"235227.016282796","0","CLICK User:8 Request:152 Result=500"
"235234.103217029","0","CLICK User:31 Request:67 Result=500"
"235254.104083061","0","CLICK User:30 Request:70 Result=500"
"236222.822733057","0","CLICK User:49 Request:5 Result=500"
"236225.40853656","0","CLICK User:24 Request:93 Result=500"
"236227.124955825","0","CLICK User:23 Request:96 Result=500"
"236239.805617753","0","CLICK User:3 Request:171 Result=500"
"236306.41603891","0","CLICK User:41 Request:33 Result=500"
"236318.815100802","0","CLICK User:16 Request:122 Result=500"
"236328.813857627","0","CLICK User:21 Request:105 Result=500"
"236361.58785544","0","CLICK User:26 Request:87 Result=500"
"236369.479640569","0","CLICK User:8 Request:153 Result=500"
"236383.940975739","0","CLICK User:31 Request:68 Result=500"
"236415.81150677","0","CLICK User:30 Request:71 Result=500"
"236416.771964035","0","CLICK User:32 Request:65 Result=500"
"236455.450343549","0","CLICK User:9 Request:150 Result=500"
"236481.004149969","0","CLICK User:5 Request:166 Result=500"
"236481.436327801","0","CLICK User:6 Request:162 Result=500"
"236487.989115935","0","CLICK User:10 Request:145 Result=500"
"236488.606512839","0","CLICK User:29 Request:76 Result=500"
"236496.287377306","0","CLICK User:15 Request:126 Result=500"
"236500.803314388","0","CLICK User:4 Request:168 Result=500"
"236521.757653557","0","CLICK User:13 Request:135 Result=500"
"236527.345235218","0","CLICK User:42 Request:29 Result=500"
"236680.692937231","0","CLICK User:39 Request:40 Result=500"
"237537.255433302","0","CLICK User:16 Request:123 Result=500"
"237567.120402174","0","CLICK User:21 Request:106 Result=500"
"237594.220773869","0","CLICK User:8 Request:154 Result=500"
"237598.500926794","0","CLICK User:31 Request:69 Result=500"
"237613.668217609","0","CLICK User:32 Request:66 Result=500"
"237621.263316986","0","CLICK User:30 Request:72 Result=500"
"237648.087955313","0","CLICK User:9 Request:151 Result=500"
"237654.670076784","0","CLICK User:6 Request:163 Result=500"
"237692.868227666","0","CLICK User:10 Request:146 Result=500"
"237695.53113594","0","CLICK User:29 Request:77 Result=500"
"237727.256117747","0","CLICK User:4 Request:169 Result=500"
"237727.39719713","0","CLICK User:15 Request:127 Result=500"
"237730.750975333","0","CLICK User:13 Request:136 Result=500"
"237743.138862621","0","CLICK User:42 Request:30 Result=500"
"237783.428061388","0","CLICK User:39 Request:41 Result=500"
"237813.462604884","0","CLICK User:48 Request:9 Result=500"
"237829.310708484","0","CLICK User:25 Request:91 Result=500"
"237874.718434885","0","CLICK User:36 Request:51 Result=500"
"237911.144293479","0","CLICK User:22 Request:102 Result=500"
"237922.382313953","0","CLICK User:7 Request:158 Result=500"
"237923.631914112","0","CLICK User:40 Request:38 Result=500"
"237930.054797467","0","CLICK User:17 Request:120 Result=500"
"238727.975203552","0","CLICK User:31 Request:70 Result=500"
"238790.720608345","0","CLICK User:18 Request:117 Result=500"
"238795.487135935","0","CLICK User:6 Request:164 Result=500"
"238798.668545863","0","CLICK User:9 Request:152 Result=500"
"238824.027355432","0","CLICK User:10 Request:147 Result=500"
"238872.585482233","0","CLICK User:15 Request:128 Result=500"
"238873.92894907","0","CLICK User:4 Request:170 Result=500"
"238883.892226526","0","CLICK User:42 Request:31 Result=500"
"238892.032646607","0","CLICK User:13 Request:137 Result=500"
"238933.070264517","0","CLICK User:48 Request:10 Result=500"
"238933.502721715","0","CLICK User:38 Request:45 Result=500"
"239013.322642962","0","CLICK User:50 Request:3 Result=500"
"239024.66738091","0","CLICK User:36 Request:52 Result=500"
"239082.632569223","0","CLICK User:40 Request:39 Result=500"
"239084.320772612","0","CLICK User:7 Request:159 Result=500"
"239094.025916702","0","CLICK User:12 Request:140 Result=500"
"239097.531390163","0","CLICK User:17 Request:121 Result=500"
"239128.923648117","0","CLICK User:49 Request:7 Result=500"
"239152.264882827","0","CLICK User:41 Request:35 Result=500"
"239190.358830522","0","CLICK User:24 Request:95 Result=500"
"239190.749941683","0","CLICK User:3 Request:173 Result=500"
"239200.323784168","0","CLICK User:23 Request:98 Result=500"
"239242.978926093","0","CLICK User:5 Request:168 Result=500"
"240079.788352989","0","CLICK User:48 Request:11 Result=500"
"240088.441408056","0","CLICK User:38 Request:46 Result=500"
"240088.71742079","0","CLICK User:11 Request:145 Result=500"
"240111.74464911","0","CLICK User:1 Request:183 Result=500"
"240154.284133877","0","CLICK User:36 Request:53 Result=500"
"240154.585010106","0","CLICK User:50 Request:4 Result=500"
"240179.392073574","0","CLICK User:37 Request:49 Result=500"
"240205.652394369","0","CLICK User:40 Request:40 Result=500"
"240227.897121003","0","CLICK User:7 Request:160 Result=500"
"240233.331051852","0","CLICK User:17 Request:122 Result=500"
"240246.859866268","0","CLICK User:12 Request:141 Result=500"
"240273.996834793","0","CLICK User:49 Request:8 Result=500"
"240289.480646283","0","CLICK User:41 Request:36 Result=500"
"240314.588306614","0","CLICK User:24 Request:96 Result=500"
"240344.662799322","0","CLICK User:3 Request:174 Result=500"
"240351.20217793","0","CLICK User:23 Request:99 Result=500"
"240371.508669398","0","CLICK User:19 Request:115 Result=500"
"240376.24418746","0","CLICK User:5 Request:169 Result=500"
"240398.364596618","0","CLICK User:16 Request:125 Result=500"
"240428.203025804","0","CLICK User:32 Request:68 Result=500"
"240449.200107835","0","CLICK User:8 Request:156 Result=500"
"240469.821443787","0","CLICK User:21 Request:108 Result=500"
"240470.949799486","0","CLICK User:30 Request:74 Result=500"
"240504.680343451","0","CLICK User:29 Request:79 Result=500"
"241329.556689468","0","CLICK User:40 Request:41 Result=500"
"241378.814067151","0","CLICK User:17 Request:123 Result=500"
"241388.630957286","0","CLICK User:12 Request:142 Result=500"
"241404.8905657","0","CLICK User:49 Request:9 Result=500"
"241411.994820571","0","CLICK User:41 Request:37 Result=500"
"241428.371482968","0","CLICK User:24 Request:97 Result=500"
"241490.028760639","0","CLICK User:19 Request:116 Result=500"
"241504.683975198","0","CLICK User:5 Request:170 Result=500"
"241545.11872319","0","CLICK User:16 Request:126 Result=500"
"241564.41056056","0","CLICK User:8 Request:157 Result=500"
"241564.962306662","0","CLICK User:32 Request:69 Result=500"
"241610.756953747","0","CLICK User:21 Request:109 Result=500"
"241622.552866356","0","CLICK User:29 Request:80 Result=500"
"241622.993704507","0","CLICK User:30 Request:75 Result=500"
"241661.434903039","0","CLICK User:9 Request:154 Result=500"
"241667.342916488","0","CLICK User:6 Request:166 Result=500"
"241686.565191945","0","CLICK User:18 Request:119 Result=500"
"241694.295504038","0","CLICK User:31 Request:72 Result=500"
"241733.396562971","0","CLICK User:15 Request:130 Result=500"
"241735.57030293","0","CLICK User:35 Request:57 Result=500"
"241746.450456692","0","CLICK User:4 Request:172 Result=500"
"241752.277733623","0","CLICK User:42 Request:33 Result=500"
"241763.310141373","0","CLICK User:10 Request:149 Result=500"
"241778.030448004","0","CLICK User:13 Request:139 Result=500"
"242564.844973314","0","CLICK User:24 Request:98 Result=500"
"242587.919973069","0","CLICK User:43 Request:31 Result=500"
"242674.806714261","0","CLICK User:16 Request:127 Result=500"
"242701.461219233","0","CLICK User:32 Request:70 Result=500"
"242710.536394989","0","CLICK User:8 Request:158 Result=500"
"242762.133455509","0","CLICK User:29 Request:81 Result=500"
"242765.062598738","0","CLICK User:21 Request:110 Result=500"
"242789.425192308","0","CLICK User:6 Request:167 Result=500"
"242802.668774942","0","CLICK User:9 Request:155 Result=500"
"242816.285310004","0","CLICK User:18 Request:120 Result=500"
"242839.481833585","0","CLICK User:31 Request:73 Result=500"
"242874.930193642","0","CLICK User:35 Request:58 Result=500"
"242876.322270009","0","CLICK User:15 Request:131 Result=500"
"242890.056976515","0","CLICK User:4 Request:173 Result=500"
"242897.864114014","0","CLICK User:42 Request:34 Result=500"
"242933.061604198","0","CLICK User:10 Request:150 Result=500"
"242956.571016707","0","CLICK User:11 Request:147 Result=500"
"242957.627854937","0","CLICK User:13 Request:140 Result=500"
"242957.783740671","0","CLICK User:1 Request:185 Result=500"
"242962.838573059","0","CLICK User:36 Request:55 Result=500"
"242976.495336698","0","CLICK User:50 Request:6 Result=500"
"242987.648430178","0","CLICK User:37 Request:51 Result=500"
"243019.14600878","0","CLICK User:7 Request:162 Result=500"
"243030.064156199","0","CLICK User:3 Request:176 Result=500"
"243046.917415482","0","CLICK User:23 Request:101 Result=500"
"243894.755897747","0","CLICK User:6 Request:168 Result=500"
"243896.095174107","0","CLICK User:21 Request:111 Result=500"
"243925.053603181","0","CLICK User:18 Request:121 Result=500"
"243942.837427662","0","CLICK User:9 Request:156 Result=500"
"244016.264636986","0","CLICK User:35 Request:59 Result=500"
"244045.912818529","0","CLICK User:10 Request:151 Result=500"
"244046.736386887","0","CLICK User:42 Request:35 Result=500"
"244076.815349437","0","CLICK User:12 Request:144 Result=500"
"244121.426885261","0","CLICK User:13 Request:141 Result=500"
"244126.98429549","0","CLICK User:36 Request:56 Result=500"
"244146.88403135","0","CLICK User:50 Request:7 Result=500"
"244179.537064068","0","CLICK User:37 Request:52 Result=500"
"244210.208001296","0","CLICK User:23 Request:102 Result=500"
"244230.289324481","0","CLICK User:14 Request:137 Result=500"
"244232.087877091","0","CLICK User:3 Request:177 Result=500"
"244240.670252784","0","CLICK User:7 Request:163 Result=500"
"244243.759472223","0","CLICK User:49 Request:11 Result=500"
"244274.212225297","0","CLICK User:17 Request:125 Result=500"
"244283.540226481","0","CLICK User:41 Request:39 Result=500"
"244316.682427515","0","CLICK User:44 Request:27 Result=500"
"244337.969769901","0","CLICK User:5 Request:172 Result=500"
"244338.23572549","0","CLICK User:19 Request:118 Result=500"
"244349.401111035","0","CLICK User:30 Request:77 Result=500"
"244384.295490069","0","CLICK User:48 Request:14 Result=500"
"244406.035962671","0","CLICK User:38 Request:49 Result=500"
"245343.480246791","0","CLICK User:47 Request:18 Result=500"
"245387.195858692","0","CLICK User:14 Request:138 Result=500"
"245392.527821273","0","CLICK User:37 Request:53 Result=500"
"245392.964468948","0","CLICK User:16 Request:129 Result=500"
"245399.935746024","0","CLICK User:23 Request:103 Result=500"
"245432.299915213","0","CLICK User:3 Request:178 Result=500"
"245436.480614156","0","CLICK User:7 Request:164 Result=500"
"245459.784134576","0","CLICK User:52 Request:1 Result=500"
"245461.770141177","0","CLICK User:44 Request:28 Result=500"
"245462.389214272","0","CLICK User:17 Request:126 Result=500"
"245467.768948288","0","CLICK User:41 Request:40 Result=500"
"245470.60645976","0","CLICK User:49 Request:12 Result=500"
"245497.107313918","0","CLICK User:30 Request:78 Result=500"
"245505.392165764","0","CLICK User:5 Request:173 Result=500"
"245505.598895949","0","CLICK User:48 Request:15 Result=500"
"245505.734667395","0","CLICK User:19 Request:119 Result=500"
"245520.613094681","0","CLICK User:38 Request:50 Result=500"
"245564.990801904","0","CLICK User:32 Request:72 Result=500"
"245591.554792578","0","CLICK User:27 Request:89 Result=500"
"245616.831189439","0","CLICK User:29 Request:83 Result=500"
"245620.074618422","0","CLICK User:8 Request:160 Result=500"
"245680.583146741","0","CLICK User:15 Request:133 Result=500"
"245684.737585364","0","CLICK User:4 Request:175 Result=500"
"245687.487376189","0","CLICK User:31 Request:75 Result=500"
"245737.547928578","0","CLICK User:11 Request:149 Result=500"
"245749.4734666","0","CLICK User:40 Request:44 Result=500"
"245751.228438251","0","CLICK User:1 Request:187 Result=500"
"246716.174541736","0","CLICK User:17 Request:127 Result=500"
"246721.838948805","0","CLICK User:49 Request:13 Result=500"
"246747.241339332","0","CLICK User:30 Request:79 Result=500"
"246764.899449511","0","CLICK User:5 Request:174 Result=500"
"246770.395958146","0","CLICK User:19 Request:120 Result=500"
"246771.036821719","0","CLICK User:38 Request:51 Result=500"
"246776.272962066","0","CLICK User:48 Request:16 Result=500"
"246798.2838601","0","CLICK User:32 Request:73 Result=500"
"246839.270074828","0","CLICK User:29 Request:84 Result=500"
"246841.397160812","0","CLICK User:27 Request:90 Result=500"
"246855.798432482","0","CLICK User:8 Request:161 Result=500"
"246861.930496753","0","CLICK User:15 Request:134 Result=500"
"246878.054333721","0","CLICK User:4 Request:176 Result=500"
"246886.560442738","0","CLICK User:31 Request:76 Result=500"
"246906.815810389","0","CLICK User:40 Request:45 Result=500"
"246921.885323414","0","CLICK User:1 Request:188 Result=500"
"246922.524790162","0","CLICK User:11 Request:150 Result=500"
"246976.898739924","0","CLICK User:43 Request:34 Result=500"
"246999.161904655","0","CLICK User:45 Request:26 Result=500"
"247017.04155137","0","CLICK User:42 Request:37 Result=500"
"247018.574707121","0","CLICK User:10 Request:153 Result=500"
"247100.730958823","0","CLICK User:20 Request:116 Result=500"
"247120.393793066","0","CLICK User:35 Request:61 Result=500"
"247733.349350267","0","CLICK User:9 Request:159 Result=500"
"248028.080663883","0","CLICK User:15 Request:135 Result=500"
"248028.83802271","0","CLICK User:8 Request:162 Result=500"
"248063.422306466","0","CLICK User:4 Request:177 Result=500"
"248085.455833074","0","CLICK User:40 Request:46 Result=500"
"248095.179135896","0","CLICK User:1 Request:189 Result=500"
"248098.461117265","0","CLICK User:31 Request:77 Result=500"
"248129.282911655","0","CLICK User:45 Request:27 Result=500"
"248137.831204804","0","CLICK User:43 Request:35 Result=500"
"248145.008094604","0","CLICK User:11 Request:151 Result=500"
"248154.522711685","0","CLICK User:10 Request:154 Result=500"
"248154.882813318","0","CLICK User:42 Request:38 Result=500"
"248177.924568625","0","CLICK User:14 Request:140 Result=500"
"248189.881116175","0","CLICK User:47 Request:20 Result=500"
"248216.331684614","0","CLICK User:20 Request:117 Result=500"
"248237.719598441","0","CLICK User:35 Request:62 Result=500"
"248249.570545977","0","CLICK User:37 Request:55 Result=500"
"248294.991123173","0","CLICK User:23 Request:105 Result=500"
"248322.892714018","0","CLICK User:16 Request:131 Result=500"
"248336.818785628","0","CLICK User:44 Request:30 Result=500"
"248348.491777586","0","CLICK User:3 Request:180 Result=500"
"248354.418508498","0","CLICK User:7 Request:166 Result=500"
"248378.506765525","0","CLICK User:41 Request:42 Result=500"
"248485.177585419","0","CLICK User:12 Request:147 Result=500"
"248565.332744804","0","CLICK User:13 Request:144 Result=500"
"248959.721975838","0","CLICK User:2 Request:187 Result=500"
"249265.75416708","0","CLICK User:31 Request:78 Result=500"
"249266.987284697","0","CLICK User:40 Request:47 Result=500"
"249307.877956556","0","CLICK User:10 Request:155 Result=500"
"249320.412789894","0","CLICK User:11 Request:152 Result=500"
"249358.416502656","0","CLICK User:42 Request:39 Result=500"
"249358.661226497","0","CLICK User:14 Request:141 Result=500"
"249386.127287127","0","CLICK User:47 Request:21 Result=500"
"249425.559114357","0","CLICK User:20 Request:118 Result=500"
"249432.095978679","0","CLICK User:37 Request:56 Result=500"
"249432.64548986","0","CLICK User:35 Request:63 Result=500"
"249468.32181185","0","CLICK User:23 Request:106 Result=500"
"249481.908454846","0","CLICK User:44 Request:31 Result=500"
"249485.456112439","0","CLICK User:16 Request:132 Result=500"
"249491.46749098","0","CLICK User:7 Request:167 Result=500"
"249496.040418545","0","CLICK User:3 Request:181 Result=500"
"249505.989169015","0","CLICK User:17 Request:129 Result=500"
"249506.67221672","0","CLICK User:41 Request:43 Result=500"
"249838.092271504","0","CLICK User:29 Request:86 Result=500"
"249911.152674432","0","CLICK User:52 Request:4 Result=500"
"249986.12142046","0","CLICK User:50 Request:11 Result=500"
"250056.582051629","0","CLICK User:2 Request:188 Result=500"
"250636.880665001","0","CLICK User:14 Request:142 Result=500"
"250650.161961925","0","CLICK User:3 Request:182 Result=500"
"250650.713708027","0","CLICK User:11 Request:153 Result=500"
"250659.593886933","0","CLICK User:16 Request:133 Result=500"
"250668.833888106","0","CLICK User:17 Request:130 Result=500"
"250673.619691888","0","CLICK User:23 Request:107 Result=500"
"250685.049077467","0","CLICK User:41 Request:44 Result=500"
"250747.359790141","0","CLICK User:24 Request:104 Result=500"
"250760.137950494","0","CLICK User:21 Request:116 Result=500"
"250784.071159882","0","CLICK User:18 Request:126 Result=500"
"250812.775087337","0","CLICK User:8 Request:164 Result=500"
"250812.896611161","0","CLICK User:6 Request:173 Result=500"
"250833.574378867","0","CLICK User:15 Request:137 Result=500"
"250853.247549619","0","CLICK User:4 Request:179 Result=500"
"250856.210216662","0","CLICK User:1 Request:191 Result=500"
"250891.597116393","0","CLICK User:45 Request:29 Result=500"
"250907.0599755","0","CLICK User:43 Request:37 Result=500"
"250984.276772607","0","CLICK User:29 Request:87 Result=500"
"251010.830147407","0","CLICK User:52 Request:5 Result=500"
"251096.118082047","0","CLICK User:50 Request:12 Result=500"
"251158.367893126","0","CLICK User:38 Request:54 Result=500"
"251232.543800958","0","CLICK User:32 Request:76 Result=500"
"251289.603008204","0","CLICK User:19 Request:123 Result=500"
